"","types","beta","se","ci2_5","ci97_5"
"1","all",6.26168278373716e-06,0.000441256411403708,-0.000839520071824863,0.000865494248043961
"2","all_nodome",1.05458815967304e-05,0.000479398998917854,-0.000901630349158759,0.000975503214727898
"3","all_dome",-6.28258218266575e-07,0.00136003310625874,-0.00268982347485901,0.00280558301945297
"4","day_nodome",-2.01806990376028e-06,0.000809361026967233,-0.00151837529229861,0.00163695877369281
"5","night_nodome",1.95208722410777e-05,0.000599104160298261,-0.00118536729381445,0.00120267295410105
"6","day_dome",-9.0974184219075e-05,0.00267152618521145,-0.00494556474921787,0.0053259100794171
"7","night_dome",1.57620754300655e-05,0.00160928044805089,-0.0030629125673525,0.00314121840926703
