"","beta","se","ci2_5","ci97_5"
"1",0.00164155516209024,0.000137860449883729,0.00137135364542564,0.00191175667875484
